Ref,Qnty,Value,Cmp name,Footprint,KiCAD Description,Description,MPN
"BOOT1, ",1,PTS636 SM50 SMTR LFS,SW_Push,Button_Switch_SMD:SW_SPST_CK_RS282G05A3,"Push button switch, generic, two pins",SWITCH TACTILE SPST-NO 0.05A 12V,RS-282G05A3-SM RT
"C1, C6, ",2,100n,C,Capacitor_SMD:C_0603_1608Metric_Pad1.05x0.95mm_HandSolder,Unpolarized capacitor,CAP CER 100nF 1608 METRIC,NA
"C2, C7, C9, C12, ",4,100n,C,Capacitor_SMD:C_0603_1608Metric_Pad1.08x0.95mm_HandSolder,Unpolarized capacitor,CAP CER 100nF 1608 METRIC,NA
"C3, C4, ",2,22u,C,Capacitor_SMD:C_0603_1608Metric_Pad1.08x0.95mm_HandSolder,Unpolarized capacitor,CAP CER 22uF 1608 METRIC,NA
"C5, ",1,4u7,C,Capacitor_SMD:C_0603_1608Metric_Pad1.08x0.95mm_HandSolder,Unpolarized capacitor,CAP CER 4.7uF 1608 METRIC,NA
"C8, C10, C11, ",3,1u,C,Capacitor_SMD:C_0603_1608Metric_Pad1.08x0.95mm_HandSolder,Unpolarized capacitor,CAP CER 1uF 1608 METRIC,NA
"C13, ",1,22u,C,Capacitor_SMD:C_0603_1608Metric_Pad1.05x0.95mm_HandSolder,Unpolarized capacitor,CAP CER 22uF 1608 METRIC,NA
"D1, D2, D3, D4, D5, D6, D7, D8, D9, D10, D11, D12, D13, D14, D15, D16, D17, ",17,TZMB3V6-GS08,TZMB3V6-GS08,Diode_SMD:D_MiniMELF,"Zener diode, small symbol",DIODE ZENER 3.6V 500MW SOD80,TZMB3V6-GS08
"D18, D23, ",2,150060VS75000,LED,LED_SMD:LED_0603_1608Metric_Pad1.05x0.95mm_HandSolder,Light emitting diode,LED GREEN CLEAR 0603 SMD,150060VS75000
"D19, ",1,BAT760-7,BAT760-7,Diode_SMD:D_SOD-323,"21V 1A Barrier Rectifier Schottky Diode, SOD-323",DIODE SCHOTTKY 30V 1A SOD323,BAT760-7
"D20, D21, D22, ",3,UAD8C05L01,UAD8C05L01,black_sensor_array:D_SOD-882,"ESD protection diode, 5.0Vrwm, SOD-923",TVS DIODE 5VWM 14VC SOD882,UAD8C05L01
"EN1, ",1,PTS636 SM50 SMTR LFS,SW_Push,Button_Switch_SMD:SW_SPST_CK_RS282G05A3,"Push button switch, generic, two pins",SWITCH TACTILE SPST-NO 0.05A 12V,RS-282G05A3-SM RT
"J1, ",1,Conn_02x08,Conn_02x08,Connector_IDC:IDC-Header_2x08_P2.54mm_Vertical,"Generic connector, single row, 01x16, script generated (kicad-library-utils/schlib/autogen/connector/)",QKE CONN 16PIN SOCKET IDC,86130161014345E1LF
"J2, ",1,Conn_01x10_Male,Conn_01x10_Male,Connector_PinHeader_2.54mm:PinHeader_1x10_P2.54mm_Vertical,"Generic connector, single row, 01x10, script generated (kicad-library-utils/schlib/autogen/connector/)","Generic connector, single row, 01x10, script generated (kicad-library-utils/schlib/autogen/connector/)",NA
"J3, ",1,Conn_01x02_Male,Conn_01x02_Male,Connector_PinHeader_2.54mm:PinHeader_1x02_P2.54mm_Vertical,"Generic connector, single row, 01x02, script generated (kicad-library-utils/schlib/autogen/connector/)","Generic connector, single row, 01x02, script generated (kicad-library-utils/schlib/autogen/connector/)",NA
"J4, ",1,Conn_01x02_Female,Conn_01x02_Female,Connector_PinSocket_2.54mm:PinSocket_1x02_P2.54mm_Vertical,"Generic connector, single row, 01x02, script generated (kicad-library-utils/schlib/autogen/connector/)","Generic connector, single row, 01x02, script generated (kicad-library-utils/schlib/autogen/connector/)",NA
"J5, ",1,USB_B_Micro,USB_B_Micro,Connector_USB:USB_Micro-B_Amphenol_10118194_Horizontal,USB Micro Type B connector,CONN RCPT USB2.0 MICRO B SMD R/A,10118194-0001LF
"Q1, Q2, ",2,BC848BLT3G,BC848BLT3G,Package_TO_SOT_SMD:SOT-23,"0.2A Ic, 40V Vce, Small Signal NPN Transistor, SOT-23","0.2A Ic, 40V Vce, Small Signal NPN Transistor, SOT-23",BC848BLT3G
"R1, ",1,120K,R,Resistor_SMD:R_0603_1608Metric_Pad1.05x0.95mm_HandSolder,Resistor,RES SMD 100K OHM 0603,NA
"R2, R11, ",2,100R,R,Resistor_SMD:R_0603_1608Metric_Pad1.05x0.95mm_HandSolder,Resistor,RES SMD 100 OHM 0603,NA
"R3, R5, ",2,47K,R,Resistor_SMD:R_0603_1608Metric_Pad1.05x0.95mm_HandSolder,Resistor,RES SMD 47K OHM 0603,NA
"R4, ",1,22K,R,Resistor_SMD:R_0603_1608Metric_Pad1.05x0.95mm_HandSolder,Resistor,RES SMD 22K OHM 0603,NA
"R6, ",1,1K,R,Resistor_SMD:R_0603_1608Metric_Pad1.05x0.95mm_HandSolder,Resistor,RES SMD 1K OHM 0603,NA
"R7, ",1,10K,R,Resistor_SMD:R_0603_1608Metric_Pad1.05x0.95mm_HandSolder,Resistor,RES SMD 10K OHM 0603,NA
"R8, R9, ",2,10k,R,Resistor_SMD:R_0603_1608Metric_Pad1.05x0.95mm_HandSolder,Resistor,RES SMD 10K OHM 0603,NA
"R10, R12, ",2,470R,R,Resistor_SMD:R_0603_1608Metric_Pad0.98x0.95mm_HandSolder,Resistor,RES SMD 470 OHM 0603,NA
"U1, ",1,PSSI2021SAY,PSSI2021SAY,Package_TO_SOT_SMD:SOT-353_SC-70-5,"Constant current source, Io 15ô‘A to 50mA, SOT-353","Constant current source, Io 15uA to 50mA, SOT-353","PSSI2021SAY,115
"
"U2, ",1,ESP32-WROOM-32,ESP32-WROOM-32,RF_Module:ESP32-WROOM-32,"RF Module, ESP32-D0WDQ6 SoC, Wi-Fi 802.11b/g/n, Bluetooth, BLE, 32-bit, 2.7-3.6V, onboard antenna, SMD",ESP32 WROOM SoC WiFi/BT MCU,ESP32-WROOM-32
"U3, ",1,INA126,INA126,Package_SO:SOIC-8_3.9x4.9mm_P1.27mm,"Precision, Low Power Instrumentation Amplifier G = 1 + 50kOhm/Rg, DIP-8/SOIC-8","Precision, Low Power Instrumentation Amplifier G = 1 + 50kOhm/Rg, DIP-8/SOIC-8",INA126UA
"U4, ",1,CP2102N-A01-GQFN24,CP2102N-A01-GQFN24,Package_DFN_QFN:QFN-24-1EP_4x4mm_P0.5mm_EP2.6x2.6mm,"USB to UART master bridge, QFN-24","USB to UART master bridge, QFN-24",CP2102N-A01-GQFN24
"U5, ",1,MIC5211-LXYM6,MIC5211-LXYM6,Package_TO_SOT_SMD:SOT-23-6_Handsoldering,LIN REGULATOR 3V3 5V OUT,LIN REGULATOR 3V3 5V OUT,MIC5211-LXYM6-TR
"U6, U7, U9, U10, ",4,CD74HC4067M,CD74HC4067M,Package_SO:SOIC-24W_7.5x15.4mm_P1.27mm,"High-Speed CMOS Logic 16-Channel Analog Multiplexer/Demultiplexer, SOIC-24","High-Speed CMOS Logic 16-Channel Analog Multiplexer/Demultiplexer, SOIC-24",CD74HC4067M
"U8, U11, ",2,SN74HC595,74HC595,Package_SO:SOIC-16_3.9x9.9mm_P1.27mm,8-bit serial in/out Shift Register 3-State Outputs,8-bit serial in/out Shift Register 3-State Outputs,SN74HC595DRG4
X1,2,,,16 Position Cable Assembly Rectangular Socket to Socket 0.500',,, H3AAH-1618G
